experiment_id,dataset_name,problem_type,baseline_modules,awof_modules,baseline_models,awof_models,baseline_time_ms,awof_time_ms,baseline_memory_mb,awof_memory_mb,primary_metric,baseline_primary_metric,awof_primary_metric
8b3409c1-a3b6-4db9-b413-78f2d7894164,phase_8.csv,classification,4,2,3,3,7427.685,7077.401,0.77904,0.76723,f1,0.0,0.0
0eb1ea95-d9aa-485a-9191-60b3938f43e5,phase_8.csv,classification,4,2,3,3,6485.48,6382.829,0.721139,0.769697,f1,0.0,0.0
c0da7fc3-0314-41dc-89e0-fd26c9d2923f,phase_8.csv,classification,4,2,3,3,6294.359,6485.187,0.768523,0.770907,f1,0.0,0.0
7f5b2848-91e3-4352-a144-ca821a3f9bda,phase_8.csv,classification,4,2,3,3,6222.741,6461.199,0.736312,0.76128,f1,0.0,0.0
c7718a68-b213-4d65-8a83-f8b172616beb,phase_8.csv,classification,4,2,3,3,7109.949,17376.724,0.754231,0.768458,f1,0.0,0.0
7a1b8949-5aa3-4081-97c3-11af1e9c1e75,phase_8.csv,classification,4,2,3,3,7010.391,6691.152,0.751333,0.767651,f1,0.0,0.0
ea1f9c25-3291-4552-aa6a-55c2f8bb67f5,phase_8.csv,classification,4,2,3,3,22902.393,22073.236,0.82708,0.782393,f1,0.0,0.0
f1f4b71c-3f2d-4019-aec6-48cfaa74cf7c,phase_8.csv,classification,4,2,3,3,22230.508,20661.988,1.911654,0.78303,f1,0.0,0.0
66dd8a66-ce5e-425b-b944-4d57007d3150,phase_8.csv,classification,4,2,3,3,18111.751,16636.004,0.748345,0.773996,f1,0.0,0.0
4a200b29-eb07-4b29-93f9-1512cab4400e,audit_classification.csv,classification,4,3,3,3,20818.983,12341.281,0.757493,0.761226,f1,0.142857,0.142857
9f7f17ae-f130-49e9-a2d1-a108dc627bbc,audit_classification.csv,classification,4,3,3,3,10599.665,10255.681,0.757458,0.762483,f1,0.142857,0.142857
38b756b9-0022-4daa-8118-440cf17dabc9,audit_classification.csv,classification,4,3,3,3,10160.871,9904.884,0.761846,0.761739,f1,0.142857,0.142857
7a021ed7-7d27-4e4b-83d9-b495b08dfaee,phase_8.csv,classification,4,2,3,3,11251.977,16538.785,0.758158,0.769223,f1,0.0,0.0
5261724a-0436-43d8-9095-95a32cea3183,Telco-Customer-Churn.csv,classification,4,2,3,3,14022328.67,1021535.083333,461.572952,574.830558,f1,0.790788,0.790788
3e710f51-5679-40a2-8385-82776798c1de,audit_classification.csv,classification,4,3,3,3,5836.142,5411.069,0.763762,0.763126,f1,0.142857,0.142857
bdfa78a0-51d6-44d2-b46e-8b752dc0e782,audit_classification.csv,classification,4,3,3,3,5974.532,5474.478,0.770709,0.764232,f1,0.142857,0.142857
b96cea71-765a-4c4a-a335-96b2f9a25db7,phase_8.csv,classification,4,2,3,3,5565.052,5488.975,0.69533,0.784902,f1,0.0,0.0
51129b04-5ac3-41a4-a9c7-ff6325a53bda,audit_classification.csv,classification,4,3,3,3,6023.33,5459.685,0.770507,0.766044,f1,0.142857,0.142857
b3338aa2-ec89-4808-92c0-e71e9bd6aece,phase_8.csv,classification,4,2,3,3,5677.13,5406.937,0.702027,0.785646,f1,0.0,0.0
4a0cd681-e45f-49a4-a714-67e70f191156,audit_classification.csv,classification,4,3,3,3,5942.212,5542.081,0.771302,0.763013,f1,0.142857,0.142857
7bcc15c6-a536-45d5-8d15-7206eda29ced,phase_8.csv,classification,4,2,3,3,5600.522,6114.331,0.743359,0.773273,f1,0.0,0.0
fef6a784-1b78-4afb-8515-cb61c04e49d5,audit_classification.csv,classification,4,3,3,3,5995.397,5490.317,0.769474,0.766806,f1,0.142857,0.142857
bb823605-9ce8-4c6b-a24f-f7922b97d173,phase_8.csv,classification,4,2,3,3,6010.633,7223.055,0.744951,0.772738,f1,0.0,0.0
8bbdbfd8-5cce-41b3-984f-fcb9aa0b4ec8,Telco-Customer-Churn.csv,classification,5,2,3,3,38698.111,32214.499667,9.141146,9.109617,f1,0.800228,0.800228
c48ec6a5-5b4e-4a20-9e34-17be2810a853,audit_classification.csv,classification,4,3,3,3,9810.981,9236.957,0.773602,0.765292,f1,0.142857,0.142857
c15f9950-8ff2-4078-951b-366b2f17ebc2,phase_8.csv,classification,4,2,3,3,9333.882,8664.587,0.750798,0.775692,f1,0.0,0.0
39beb604-0b8f-41fe-9d63-13fe6c6cc0a0,audit_classification.csv,classification,4,3,3,3,81512.84,30265.777,0.772193,0.76733,f1,0.142857,0.142857
dc98bfd3-5872-4156-8fe1-5739212d2792,phase_8.csv,classification,4,2,3,3,25981.949,22222.306,0.749721,0.775111,f1,0.0,0.0
0278876b-9bfa-4d99-a735-863721c6f148,audit_classification.csv,classification,4,3,3,3,14018.701,22368.295,0.772067,0.766027,f1,0.142857,0.142857
0117e099-707b-43ba-bde3-5409c57b7ceb,phase_8.csv,classification,4,2,3,3,9998.526,9077.914,0.749377,0.774323,f1,0.0,0.0
